<soapenv:Envelope xmlns:soapenv="http://schemas.xmlsoap.org/soap/envelope/" xmlns:fcub="http://fcubs.ofss.com/service/FCUBSAccService">
   <soapenv:Header/>
   <soapenv:Body>
      <fcub:CREATECUSTACC_FSFS_REQ>
         <fcub:FCUBS_HEADER>
            <fcub:SOURCE></fcub:SOURCE>
            <fcub:UBSCOMP></fcub:UBSCOMP>
            <fcub:MSGID></fcub:MSGID>
            <fcub:CORRELID></fcub:CORRELID>
            <fcub:USERID></fcub:USERID>
            <fcub:BRANCH></fcub:BRANCH>
            <fcub:MODULEID></fcub:MODULEID>
            <fcub:SERVICE></fcub:SERVICE>
            <fcub:OPERATION></fcub:OPERATION>
            <fcub:SOURCE_OPERATION></fcub:SOURCE_OPERATION>
            
            <fcub:SOURCE_USERID></fcub:SOURCE_USERID>
            
            <fcub:DESTINATION></fcub:DESTINATION>
            
            <fcub:MULTITRIPID></fcub:MULTITRIPID>
            
            <fcub:FUNCTIONID></fcub:FUNCTIONID>
            
            <fcub:ACTION></fcub:ACTION>
            
            <fcub:MSGSTAT></fcub:MSGSTAT>
            
            <fcub:PASSWORD></fcub:PASSWORD>
         </fcub:FCUBS_HEADER>
         <fcub:FCUBS_BODY>
            <fcub:Cust-Account-Full>
               <fcub:BRN></fcub:BRN>
               <fcub:ACC></fcub:ACC>
               <fcub:CUSTNO></fcub:CUSTNO>
               <fcub:ACCLS></fcub:ACCLS>
               <fcub:CCY></fcub:CCY>
               
               <fcub:CUSTNAME></fcub:CUSTNAME>
               
               <fcub:ADESC></fcub:ADESC>
               
               <fcub:ACSTATNODR></fcub:ACSTATNODR>
               
               <fcub:ACSTATNOCR></fcub:ACSTATNOCR>
               
               <fcub:ACSTATSTPAY></fcub:ACSTATSTPAY>
               
               <fcub:DORM></fcub:DORM>
               
               <fcub:ACCTYPE></fcub:ACCTYPE>
               
               <fcub:ACCOPENDT></fcub:ACCOPENDT>
               
               <fcub:ALTACC></fcub:ALTACC>
               
               <fcub:FROZEN></fcub:FROZEN>
               
               <fcub:NOM1></fcub:NOM1>
               
               <fcub:NOM2></fcub:NOM2>
               
               <fcub:ADDRESS_1></fcub:ADDRESS_1>
               
               <fcub:ADDRESS_2></fcub:ADDRESS_2>
               
               <fcub:ADDRESS_3></fcub:ADDRESS_3>
               
               <fcub:ADDRESS_4></fcub:ADDRESS_4>
               
               <fcub:POSTALLOWED></fcub:POSTALLOWED>
               
               <fcub:CLRBNKCD></fcub:CLRBNKCD>
               
               <fcub:CLRACNO></fcub:CLRACNO>
               
               <fcub:IBANACNO></fcub:IBANACNO>
               
               <fcub:TRKREC></fcub:TRKREC>
               
               <fcub:REFREQ></fcub:REFREQ>
               
               <fcub:ACCSTAT></fcub:ACCSTAT>
               
               <fcub:STATSINCE></fcub:STATSINCE>
               
               <fcub:INHERITREP></fcub:INHERITREP>
               
               <fcub:AUTOSTATCHANGE></fcub:AUTOSTATCHANGE>
               
               <fcub:ACCDERSTAT></fcub:ACCDERSTAT>
               
               <fcub:LOC></fcub:LOC>
               
               <fcub:MEDIA></fcub:MEDIA>
               
               <fcub:CHQBOOK></fcub:CHQBOOK>
               
               <fcub:PASSBOOK></fcub:PASSBOOK>
               
               <fcub:CASACC></fcub:CASACC>
               
               <fcub:TYOFCHQ></fcub:TYOFCHQ>
               
               <fcub:ATMCUSTACNO></fcub:ATMCUSTACNO>
               
               <fcub:ATMDLIM></fcub:ATMDLIM>
               
               <fcub:ATMDCNTLIM></fcub:ATMDCNTLIM>
               
               <fcub:MT210REQD></fcub:MT210REQD>
               
               <fcub:POSPAYAC></fcub:POSPAYAC>
               
               <fcub:STDAYS></fcub:STDAYS>
               
               <fcub:CHKNAME1></fcub:CHKNAME1>
               
               <fcub:CHKNAME2></fcub:CHKNAME2>
               
               <fcub:AUTOREORDERCHKREQ></fcub:AUTOREORDERCHKREQ>
               
               <fcub:AUTOREORDERCHKLVL></fcub:AUTOREORDERCHKLVL>
               
               <fcub:AUTOREORDERCHKLVS></fcub:AUTOREORDERCHKLVS>
               
               <fcub:LODGEBKFAC></fcub:LODGEBKFAC>
               
               <fcub:ALLWBKPERENTRY></fcub:ALLWBKPERENTRY>
               
               <fcub:AUTOPROVREQ></fcub:AUTOPROVREQ>
               
               <fcub:EXPCATEG></fcub:EXPCATEG>
               
               <fcub:RSKEXPAMT></fcub:RSKEXPAMT>
               
               <fcub:PROVCCYTYPE></fcub:PROVCCYTYPE>
               
               <fcub:DEFRECON></fcub:DEFRECON>
               
               <fcub:CONSREQD></fcub:CONSREQD>
               
               <fcub:FUNDING></fcub:FUNDING>
               
               <fcub:FUNDBRN></fcub:FUNDBRN>
               
               <fcub:FUNDACC></fcub:FUNDACC>
               
               <fcub:MOD9RQD></fcub:MOD9RQD>
               
               <fcub:VALDGT></fcub:VALDGT>
               
               <fcub:IBANRQD></fcub:IBANRQD>
               
               <fcub:ATMBRN></fcub:ATMBRN>
               
               <fcub:SUBLIMIT></fcub:SUBLIMIT>
               
               <fcub:AUF_LT></fcub:AUF_LT>
               
               <fcub:SRTDTE></fcub:SRTDTE>
               
               <fcub:ENDDAT></fcub:ENDDAT>
               
               <fcub:TOD_LIMTS></fcub:TOD_LIMTS>
               
               <fcub:OFFLINELIM></fcub:OFFLINELIM>
               
               <fcub:NETREQ></fcub:NETREQ>
               
               <fcub:CRTXNLMT></fcub:CRTXNLMT>
               
               <fcub:CRLMSTDT></fcub:CRLMSTDT>
               
               <fcub:CRLMREVDT></fcub:CRLMREVDT>
               
               <fcub:ACSTMTDAY></fcub:ACSTMTDAY>
               
               <fcub:ACSTMTCYCLE></fcub:ACSTMTCYCLE>
               
               <fcub:ATM></fcub:ATM>
               
               <fcub:ACSTMTTYPEP></fcub:ACSTMTTYPEP>
               
               <fcub:GENSTMTMV></fcub:GENSTMTMV>
               
               <fcub:DISPIBANINADV></fcub:DISPIBANINADV>
               
               <fcub:ACSTMTTYPS></fcub:ACSTMTTYPS>
               
               <fcub:ACSTMTDAY2></fcub:ACSTMTDAY2>
               
               <fcub:ACSTMTCYCLE2></fcub:ACSTMTCYCLE2>
               
               <fcub:GENSTMTMV2></fcub:GENSTMTMV2>
               
               <fcub:ACSTMTTYPE3></fcub:ACSTMTTYPE3>
               
               <fcub:ACSTMTDAY3></fcub:ACSTMTDAY3>
               
               <fcub:ACSTMTCYCLE3></fcub:ACSTMTCYCLE3>
               
               <fcub:GENSTMTMV3></fcub:GENSTMTMV3>
               
               <fcub:FLGEXCLRVRTRANS></fcub:FLGEXCLRVRTRANS>
               
               <fcub:STMTAC></fcub:STMTAC>
               
               <fcub:PREVSTMTDT></fcub:PREVSTMTDT>
               
               <fcub:PREVSTMTBAL></fcub:PREVSTMTBAL>
               
               <fcub:PREVSTMTNO></fcub:PREVSTMTNO>
               
               <fcub:PREVSTMTDT2></fcub:PREVSTMTDT2>
               
               <fcub:PREVSTMTBAL2></fcub:PREVSTMTBAL2>
               
               <fcub:PREVSTMTNO2></fcub:PREVSTMTNO2>
               
               <fcub:PREVSTMTDT3></fcub:PREVSTMTDT3>
               
               <fcub:PREVSTMTBAL3></fcub:PREVSTMTBAL3>
               
               <fcub:PREVSTMTNO3></fcub:PREVSTMTNO3>
               
               <fcub:SWPTYPE></fcub:SWPTYPE>
               
               <fcub:MASTERACC></fcub:MASTERACC>
               
               <fcub:AUTODEPBAL></fcub:AUTODEPBAL>
               
               <fcub:MINREQBAL></fcub:MINREQBAL>
               
               <fcub:REGCCAVL></fcub:REGCCAVL>
               
               <fcub:REGDAPP></fcub:REGDAPP>
               
               <fcub:REGDPER></fcub:REGDPER>
               
               <fcub:REGDSTDT></fcub:REGDSTDT>
               
               <fcub:REGDENDT></fcub:REGDENDT>
               
               <fcub:PRDLST></fcub:PRDLST>
               
               <fcub:TXNLST></fcub:TXNLST>
               
               <fcub:SPCONDLST></fcub:SPCONDLST>
               
               <fcub:SPCONDTXN></fcub:SPCONDTXN>
               
               <fcub:IBANACC></fcub:IBANACC>
               
               <fcub:IBANBNKCD></fcub:IBANBNKCD>
               
               <fcub:COUNTRY></fcub:COUNTRY>
               
               <fcub:SDREFNO></fcub:SDREFNO>
               
               <fcub:OPMODE></fcub:OPMODE>
               
               <fcub:ODREQ></fcub:ODREQ>
               
               <fcub:DAYLIGHTLIMIT></fcub:DAYLIGHTLIMIT>
               
               <fcub:OFFSETACC></fcub:OFFSETACC>
               
               <fcub:WAIVE_ACC_OPEN_CHARGE></fcub:WAIVE_ACC_OPEN_CHARGE>
               
               <fcub:PAY_IN_OPTION></fcub:PAY_IN_OPTION>
               
               <fcub:OFFBRN></fcub:OFFBRN>
               
               <fcub:ACC_OPENING_AMT></fcub:ACC_OPENING_AMT>
               
               <fcub:TRNOVR_CODE></fcub:TRNOVR_CODE>
               
               <fcub:COUNTRY_CODE></fcub:COUNTRY_CODE>
               
               <fcub:ESCROWTRN></fcub:ESCROWTRN>
               
               <fcub:ESCROWPERCENTAGE></fcub:ESCROWPERCENTAGE>
               
               <fcub:ESCROWBRNCODE></fcub:ESCROWBRNCODE>
               
               <fcub:ESCROWACCOUNT></fcub:ESCROWACCOUNT>
               
               <fcub:SODNOTP></fcub:SODNOTP>
               
               <fcub:SALARY_ACCOUNT></fcub:SALARY_ACCOUNT>
               
               <fcub:REPL_CUST_SIG></fcub:REPL_CUST_SIG>
               
               <fcub:MAX_NO_CHEQUE_REJECTIONS></fcub:MAX_NO_CHEQUE_REJECTIONS>
               
               <fcub:ACCOUNTAUTOCLOSED></fcub:ACCOUNTAUTOCLOSED>
               
               <fcub:CRS_STST_REQD></fcub:CRS_STST_REQD>
               
               <fcub:MT110_RECON_REQD></fcub:MT110_RECON_REQD>
               
               <fcub:PROJACC></fcub:PROJACC>
               
               <fcub:PRIVATE_CUSTOMER></fcub:PRIVATE_CUSTOMER>
               
               <fcub:LIMIT_AUTO_CREATE_POOL></fcub:LIMIT_AUTO_CREATE_POOL>
               
               <fcub:DFLT_WAIVER></fcub:DFLT_WAIVER>
               
               <fcub:AUTO_DEBIT_CARD_REQUEST></fcub:AUTO_DEBIT_CARD_REQUEST>
               
               <fcub:AUTO_CHEQUE_BOOK_REQ></fcub:AUTO_CHEQUE_BOOK_REQ>
               
               <fcub:INTERMEDIARY_REQUIRED></fcub:INTERMEDIARY_REQUIRED>
               
               <fcub:PASSBOOK_NUMBER></fcub:PASSBOOK_NUMBER>
               
               <fcub:NSFBLKSTAT></fcub:NSFBLKSTAT>
               
               <fcub:ENABLE_SWEEP_IN></fcub:ENABLE_SWEEP_IN>
               
               <fcub:ENABLE_REV_SWEEP_IN></fcub:ENABLE_REV_SWEEP_IN>
               
               <fcub:PASSBOOK_STATUS></fcub:PASSBOOK_STATUS>
               
               <fcub:SPDANLSYS></fcub:SPDANLSYS>
               
               <fcub:ADDRESS_CODE></fcub:ADDRESS_CODE>
               
               <fcub:DORM_CALC_START_DATE></fcub:DORM_CALC_START_DATE>
               
               <fcub:DEFACC></fcub:DEFACC>
               
               <fcub:PIDNO></fcub:PIDNO>
               
               <fcub:MCYACNO></fcub:MCYACNO>
               
               <fcub:CROVD></fcub:CROVD>
               
               <fcub:DROVD></fcub:DROVD>
               
               <fcub:PREFECTURE></fcub:PREFECTURE>
               
               <fcub:CHANID></fcub:CHANID>
               
               <fcub:PINCODE></fcub:PINCODE>
               
               <fcub:END_DATE></fcub:END_DATE>
               
               <fcub:STRDATE></fcub:STRDATE>
               
               <fcub:ACCOD></fcub:ACCOD>
               
               <fcub:AUTO_OD_LIMIT></fcub:AUTO_OD_LIMIT>
               
               <fcub:AUTO_OD></fcub:AUTO_OD>
               
               <fcub:UTILIZATION_SEQUENCE></fcub:UTILIZATION_SEQUENCE>
               
               <fcub:TOT_POPKET_LIMITS></fcub:TOT_POPKET_LIMITS>
               
               <fcub:ACC_LVL_CUST_NAME></fcub:ACC_LVL_CUST_NAME>
               
               <fcub:DENY_NAME_CONFIRMATION></fcub:DENY_NAME_CONFIRMATION>
               
               <fcub:ALLOWED_FREE_TXN_CNT></fcub:ALLOWED_FREE_TXN_CNT>
               
               <fcub:LAST_UPDATE_DATE></fcub:LAST_UPDATE_DATE>
               
               <fcub:UTILIZED_TXN_CNT></fcub:UTILIZED_TXN_CNT>
               
               
              
               <fcub:CustAcc>
                  
                  <fcub:BRN></fcub:BRN>
                  
                  <fcub:ACC></fcub:ACC>
                  
                  <fcub:Misdetails>
                     
                     <fcub:MISGRP></fcub:MISGRP>
                     
                     <fcub:POOLCD></fcub:POOLCD>
                     
                     <fcub:REFRATE></fcub:REFRATE>
                     
                     <fcub:REFRTTYPE></fcub:REFRTTYPE>
                     
                     <fcub:MISGRPTXN></fcub:MISGRPTXN>
                     
                     <fcub:REFRTCD></fcub:REFRTCD>
                     
                     <fcub:REFRTSPRD></fcub:REFRTSPRD>
                     
                     <fcub:CALCMETH></fcub:CALCMETH>
                     
                     <fcub:TXNMIS1></fcub:TXNMIS1>
                     
                     <fcub:TXNMIS2></fcub:TXNMIS2>
                     
                     <fcub:TXNMIS3></fcub:TXNMIS3>
                     
                     <fcub:TXNMIS4></fcub:TXNMIS4>
                     
                     <fcub:TXNMIS5></fcub:TXNMIS5>
                     
                     <fcub:TXNMIS6></fcub:TXNMIS6>
                     
                     <fcub:TXNMIS7></fcub:TXNMIS7>
                     
                     <fcub:TXNMIS8></fcub:TXNMIS8>
                     
                     <fcub:TXNMIS9></fcub:TXNMIS9>
                     
                     <fcub:TXNMIS10></fcub:TXNMIS10>
                     
                     <fcub:MISGRPCOMP></fcub:MISGRPCOMP>
                     
                     <fcub:COMPMIS1></fcub:COMPMIS1>
                     
                     <fcub:COMPMIS2></fcub:COMPMIS2>
                     
                     <fcub:COMPMIS3></fcub:COMPMIS3>
                     
                     <fcub:COMPMIS4></fcub:COMPMIS4>
                     
                     <fcub:COMPMIS5></fcub:COMPMIS5>
                     
                     <fcub:COMPMIS6></fcub:COMPMIS6>
                     
                     <fcub:COMPMIS7></fcub:COMPMIS7>
                     
                     <fcub:COMPMIS8></fcub:COMPMIS8>
                     
                     <fcub:COMPMIS9></fcub:COMPMIS9>
                     
                     <fcub:COMPMIS10></fcub:COMPMIS10>
                     
                     <fcub:COSTCOD1></fcub:COSTCOD1>
                     
                     <fcub:COSTCOD2></fcub:COSTCOD2>
                     
                     <fcub:COSTCOD3></fcub:COSTCOD3>
                     
                     <fcub:COSTCOD4></fcub:COSTCOD4>
                     
                     <fcub:COSTCOD5></fcub:COSTCOD5>
                     
                     <fcub:RTFLAG></fcub:RTFLAG>
                     
                     <fcub:LINKGRP></fcub:LINKGRP>
                   
                    
                   
                    
                  </fcub:Misdetails>
                  
                  <fcub:Chglog/>
                  
                  <fcub:Classname>
                     
                     <fcub:C2></fcub:C2>
                     
                     <fcub:C3></fcub:C3>
                     
                     <fcub:C4></fcub:C4>
                     
                     <fcub:C6></fcub:C6>
                     
                     <fcub:C7></fcub:C7>
                     
                     <fcub:C8></fcub:C8>
                     
                     <fcub:C9></fcub:C9>
                     
                     <fcub:C10></fcub:C10>
                     
                     <fcub:T1></fcub:T1>
                     
                     <fcub:T3></fcub:T3>
                     
                     <fcub:T5></fcub:T5>
                     
                     <fcub:T6></fcub:T6>
                     
                     <fcub:T7></fcub:T7>
                     
                     <fcub:T8></fcub:T8>
                     
                     <fcub:T9></fcub:T9>
                     
                     <fcub:T10></fcub:T10>
                  </fcub:Classname>
               </fcub:CustAcc>
               
             
             
            </fcub:Cust-Account-Full>
         </fcub:FCUBS_BODY>
      </fcub:CREATECUSTACC_FSFS_REQ>
   </soapenv:Body>
</soapenv:Envelope>