<soapenv:Envelope xmlns:soapenv="http://schemas.xmlsoap.org/soap/envelope/" xmlns:fcub="http://fcubs.ofss.com/service/FCUBSDDebitService">
   <soapenv:Header/>
   <soapenv:Body>
      <fcub:CREATEDDCUSTOMERREG_FSFS_REQ>
         <fcub:FCUBS_HEADER>
            <fcub:SOURCE></fcub:SOURCE>
            <fcub:UBSCOMP></fcub:UBSCOMP>D>
            <fcub:USERID></fcub:USERID>
            <fcub:BRANCH></fcub:BRANCH>
            <fcub:MODULEID></fcub:MODULEID>
            <fcub:SERVICE></fcub:SERVICE>
            <fcub:OPERATION></fcub:OPERATION>
            <fcub:FUNCTIONID></fcub:FUNCTIONID>
            <fcub:ACTION></fcub:ACTION>
         </fcub:FCUBS_HEADER>
         <fcub:FCUBS_BODY>
            <fcub:Sttms-Dd-Cust-Reg-Cs-Full>               
               <fcub:STORAGE_DATE></fcub:STORAGE_DATE>               
               <fcub:AC_DESC></fcub:AC_DESC>
               <fcub:UTILITY_NAME></fcub:UTILITY_NAME>               
               <fcub:BILLING_NO></fcub:BILLING_NO>               
               <fcub:REG_MODE></fcub:REG_MODE>               
               <fcub:AC_HOLDER></fcub:AC_HOLDER>               
               <fcub:REQ_FORM_STATUS></fcub:REQ_FORM_STATUS>               
               <fcub:COMP_NAME_KANA></fcub:COMP_NAME_KANA>               
               <fcub:REG_VALUE_DATE></fcub:REG_VALUE_DATE>               
               <fcub:ACCOUNT_TYPE></fcub:ACCOUNT_TYPE>               
               <fcub:REG_FORM_DATE></fcub:REG_FORM_DATE>               
               <fcub:BILLING_CMP_DATE></fcub:BILLING_CMP_DATE>
               <fcub:BRANCH_CODE></fcub:BRANCH_CODE>               
               <fcub:KYC_DATE></fcub:KYC_DATE>
               <fcub:CUST_AC_NO></fcub:CUST_AC_NO>               
               <fcub:CONSUMER_NO></fcub:CONSUMER_NO>               
               <fcub:KYC_NECESSITY></fcub:KYC_NECESSITY>               
               <fcub:STORAGE_NO></fcub:STORAGE_NO>               
               <fcub:BILLING_CMP_TIME></fcub:BILLING_CMP_TIME>               
               <fcub:KYC_TIME></fcub:KYC_TIME>               
               <fcub:REG_TIME></fcub:REG_TIME>
               <fcub:COMP_CD></fcub:COMP_CD>               
            </fcub:Sttms-Dd-Cust-Reg-Cs-Full>
         </fcub:FCUBS_BODY>
      </fcub:CREATEDDCUSTOMERREG_FSFS_REQ>
   </soapenv:Body>
</soapenv:Envelope>